paper_title,factors
Option pricing under non-Markovian stochastic volatility models: A deep,"Unfortunately, the text does not provide information on the following topics:

1. **Risk factors**: Not mentioned in the text.
2. **Alpha factors**: Not mentioned in the text.
3. **Strategy type**: The text discusses a ""deep signature approach"" which can be considered a strategy, but it's more of a methodological approach rather than a specific investment strategy.
4. **Performance metrics**: Not mentioned in the text.
5. **Key findings**: The text is an abstract and does not provide specific findings, but rather outlines the approach and methodology used in the paper.

If you'd like to extract information from a different text, please provide it, and I'll be happy to assist you."
Option pricing under non-Markovian stochastic volatility models: A deep,"Based on the provided text, here are the extracted information:

1. **Risk factors**: Not explicitly mentioned, but implied to be related to stochastic volatility models, which include:
	* Volatility (dSt = f(t,St)vtdWt + g(t,St)vtdBt)
	* Underlying asset price (St)
2. **Alpha factors**: Not mentioned in the text.
3. **Strategy type**: Not mentioned in the text, but the context suggests an option pricing strategy.
4. **Performance metrics**: Not mentioned in the text, but the context suggests that the effectiveness of the approach is demonstrated through numerical examples.
5. **Key findings**: 
	* The proposed deep signature approach is effective for both linear and nonlinear representations.
	* The algorithm converges rigorously.
	* The approach is theoretically grounded and computationally efficient for option pricing.
	* Numerical examples demonstrate the effectiveness of the approach for both Markovian and non-Markovian volatility models."
Option pricing under non-Markovian stochastic volatility models: A deep,"Based on the provided text, it appears that the text is a portion of a academic paper related to finance and mathematics, but it does not provide sufficient information to extract the requested details. However, I will provide what can be gathered:

1. **Risk factors**: Not explicitly mentioned in the text, but it can be inferred that Brownian motions (W and B) might be related to risk factors in a financial context.

2. **Alpha factors**: Not mentioned in the text.

3. **Strategy type**: Not mentioned in the text.

4. **Performance metrics**: Not mentioned in the text.

5. **Key findings**: The text does not provide any key findings related to the topics of risk factors, alpha factors, strategy type, or performance metrics. It seems to be setting up a mathematical framework involving Brownian motions and a complete filtered probability space, but without more context, it's difficult to determine the key findings.

For accurate extraction, more relevant text or context would be necessary. The provided text seems to focus on the mathematical setup rather than discussing risk factors, alpha factors, strategy types, performance metrics, or key findings directly."
Option pricing under non-Markovian stochastic volatility models: A deep,"Based on the provided text, here are the extracted information:

1. **Risk factors**: Not explicitly mentioned, but implied to be related to volatility processes, such as stochastic volatility and rough volatility.
2. **Alpha factors**: Not mentioned in the text.
3. **Strategy type**: Not mentioned in the text.
4. **Performance metrics**: Not mentioned in the text.
5. **Key findings**: The text assumes that the volatility process is F W t -progressive with bounded sample paths, which is a general assumption that includes most classical stochastic volatility processes. The formulation of the volatility process plays a crucial role in pricing applications, and classical models can be limited when dealing with complex volatility processes."
Option pricing under non-Markovian stochastic volatility models: A deep,"Based on the provided text, the extraction of the requested information is limited due to the technical nature of the content, which focuses on mathematical finance and stochastic differential equations rather than direct discussions of risk factors, alpha factors, strategy types, performance metrics, or key findings in a traditional investment or financial analysis sense. However, an attempt to align the given mathematical concepts with the requested categories can be made as follows:

1. **Risk Factors**: The discussion revolves around complex volatility processes and the challenges they pose in mathematical finance. In this context, the lack of Markovian and semimartingale structure in these processes could be considered a risk factor, as it complicates the application of traditional mathematical finance tools.

2. **Alpha Factors**: The integration of rough path theory with signature transforms to construct a Markovian representation could be seen as an attempt to identify or create alpha factors. Alpha factors are variables that are believed to be predictive of future stock returns. In this mathematical context, finding a representation that enables the use of classical mathematical finance tools could be akin to identifying factors that contribute to alpha (excess returns).

3. **Strategy Type**: The strategy type implied here is quantitative, focusing on the development of mathematical models to understand and potentially predict complex financial processes. The use of rough stochastic differential equations (RSDEs) and the reformulation of dynamics to apply classical mathematical finance tools suggest a sophisticated, model-driven approach.

4. **Performance Metrics**: The text does not directly discuss performance metrics such as return, volatility, or Sharpe ratio, which are common in financial analyses. However, the goal of developing a more applicable model for complex volatility processes implies an interest in improving predictive power and potentially the performance of financial models or investments.

5. **Key Findings**: A key finding in this context is the ability to reformulate complex volatility processes into a form (RSDE with Itô rough path lift) that allows for pathwise solutions, potentially enabling more effective application of mathematical finance tools to these processes. This could lead to better modeling and prediction of financial phenomena characterized by complex volatility."
Option pricing under non-Markovian stochastic volatility models: A deep,"Here are the extracted information based on the given text:

1. **Risk factors**: Not explicitly mentioned in the text.
2. **Alpha factors**: Not explicitly mentioned in the text.
3. **Strategy type**: Not explicitly mentioned in the text, but the discussion revolves around stochastic volatility models and rough path theory, which could be related to investment or trading strategies.
4. **Performance metrics**: Not explicitly mentioned in the text.
5. **Key findings**: 
   - The rough pair (v, I) can be expressed as infinite linear or nonlinear combinations of the time-extended Brownian motion's path signature.
   - The RS DE can be rewritten as a classical, Markovian stochastic differential equation (SDE) driven by B.
   - The truncation representation of the infinite signature converges.
   - A deep signature method can be developed and extended to general volatility processes.

Please note that the text does not explicitly mention risk factors, alpha factors, or performance metrics. The extracted information is based on the context and related concepts discussed in the text."
Option pricing under non-Markovian stochastic volatility models: A deep,"There is not enough information in the provided text to extract the requested information. The text appears to be from a mathematical or financial research paper and does not contain the necessary details to answer the questions. 

Here is what can be said:

1. Risk factors: Not mentioned
2. Alpha factors: Not mentioned
3. Strategy type: Not mentioned
4. Performance metrics: Not mentioned
5. Key findings: The paper seems to be introducing a new approach to studying non-Markovian volatility paths using a signature transform, but the key findings are not explicitly stated in the provided text."
Option pricing under non-Markovian stochastic volatility models: A deep,"Unfortunately, the provided text does not contain the requested information. The text appears to be a passage from a mathematical or academic paper discussing volatility models, option pricing, and rough path theory, but it does not mention the following:

1. Risk factors
2. Alpha factors
3. Strategy type
4. Performance metrics
5. Key findings

If you could provide a more relevant text, I would be happy to help you extract the requested information."
Option pricing under non-Markovian stochastic volatility models: A deep,"Unfortunately, the provided text does not contain the information you requested. Here's what I was able to extract:

1. Risk factors: Not mentioned
2. Alpha factors: Not mentioned
3. Strategy type: Not mentioned
4. Performance metrics: Not mentioned
5. Key findings: The text mentions a novel approach to treating rough paths within the RSDE framework, using an infinite series of signatures to represent the rough path exactly, and proposes two new numerical approaches for non-linear path-dependent models, including the rough Heston (rHeston) model.

If you could provide more text or context, I may be able to extract the information you're looking for."
Option pricing under non-Markovian stochastic volatility models: A deep,"Here are the extracted information based on the provided text. However, please note that the text does not contain explicit information on some of the requested categories.

1. **Risk factors**: Not mentioned in the text.
2. **Alpha factors**: Not mentioned in the text.
3. **Strategy type**: The text mentions two numerical approaches: 
   - A deep linear signature approach.
   - A deep nonlinear signature approach.
4. **Performance metrics**: The text mentions ""accuracy"" as a performance metric, stating that the deep nonlinear signature approach significantly outperforms the linear method.
5. **Key findings**: The key findings include:
   - The deep nonlinear signature approach outperforms the linear method in terms of accuracy.
   - The combined approach converts a non-Markovian system into an equivalent Markovian framework that can be solved pathwise.
   - The method enables the application of the classical PDE method for option pricing.
   - Rigorous convergence proofs are provided for both methods."
